Employee_ID,Name,Age,Department,Salary,Joining_Date,Experience_Years,Performance_Rating,Location
E1000,James Hanson,22,Sales,110567,23/08/2020,19,Excellent,New York
E1001,Jason Perez,35,IT,87465,21/12/2022,1,Excellent,Chicago
E1002,Rachel Franco,59,HR,73290,04/08/2023,16,Average,Houston
E1003,Timothy Mcdonald,57,Operations,45999,07/01/2024,17,Excellent,New York
E1004,Michelle Mueller,32,Operations,96632,29/07/2019,36,Excellent,Chicago
E1005,Lisa Dougherty,36,Operations,85687,14/10/2020,31,Poor,Houston
E1006,Vincent Webb MD,44,HR,67522,31/12/2019,13,Poor,Houston
E1007,Dennis Hudson,31,IT,110999,28/07/2017,19,Excellent,New York
E1008,Paul Howell,42,Operations,95963,22/07/2015,19,Excellent,New York
E1009,Jeremiah Nunez,51,IT,96412,30/04/2020,24,Excellent,Houston
E1010,Wayne Johnson,39,Marketing,52393,03/10/2023,34,Excellent,New York
E1011,Lisa Mitchell,53,Marketing,85639,12/05/2024,26,Good,Los Angeles
E1012,Devin Vargas,43,Operations,56799,14/08/2024,7,Poor,Los Angeles
E1013,Chad Sweeney,60,Operations,88386,12/10/2024,23,Average,San Francisco
E1014,Nicole Riley,57,IT,104293,28/06/2020,17,Excellent,Houston
E1015,Stephanie Bell,40,IT,44266,04/01/2016,40,Good,Chicago
E1016,James Edwards,27,Finance,62148,22/12/2019,38,Excellent,New York
E1017,Lauren Adkins,32,Sales,63188,05/10/2018,7,Poor,San Francisco
E1018,Dr. Sara Stephens DVM,37,IT,82975,02/02/2020,36,Good,Los Angeles
E1019,Maurice Lee,54,Finance,115393,27/02/2019,13,Excellent,New York
E1020,Mary Keller,28,Operations,101281,15/04/2015,31,Average,New York
E1021,Mark Skinner,43,Finance,118986,04/05/2023,1,Average,Houston
E1022,Rebecca Rivera,58,Marketing,90613,27/05/2018,35,Poor,Houston
E1023,Hannah Singh,45,Operations,32254,06/10/2023,38,Good,Chicago
E1024,Angela Scott,55,Operations,76577,17/02/2019,20,Good,New York
E1025,Autumn Powell,28,Operations,90560,15/05/2021,30,Excellent,Los Angeles
E1026,Patrick Mitchell,23,Finance,32166,25/11/2016,2,Average,Chicago
E1027,Jessica Steele,45,IT,90112,27/04/2015,24,Poor,San Francisco
E1028,Raymond Kim,27,Finance,101844,12/02/2020,23,Good,Los Angeles
E1029,Lori Johnson,38,Finance,58213,15/08/2017,40,Excellent,Houston
E1030,Charles Wilson,32,HR,75384,14/08/2015,14,Poor,Los Angeles
E1031,Sara Navarro,37,Marketing,32475,27/09/2021,34,Poor,Houston
E1032,Laura Woods,56,Operations,73931,04/03/2024,8,Excellent,New York
E1033,Candace Schmidt,40,Finance,37029,16/10/2024,37,Good,San Francisco
E1034,Joshua Reyes,50,HR,70093,12/04/2022,15,Excellent,San Francisco
E1035,Jacqueline Nelson,29,Sales,95497,10/06/2015,14,Good,New York
E1036,Anna Hahn,50,Operations,32493,24/10/2017,23,Average,San Francisco
E1037,Jason Gill,43,HR,39088,30/03/2015,17,Poor,Chicago
E1038,Donald Lee,52,IT,90160,17/12/2019,11,Average,New York
E1039,Teresa Young,45,Marketing,53473,16/03/2023,23,Good,Chicago
E1040,Andrew Turner,41,Marketing,50881,02/09/2023,23,Good,Houston
E1041,Andrew Mills,52,Marketing,94715,08/08/2015,19,Average,Chicago
E1042,Zachary Mcguire,49,Operations,49703,18/05/2017,24,Average,Houston
E1043,Craig Callahan,38,HR,83342,22/01/2025,25,Good,San Francisco
E1044,Lisa Reyes,25,Operations,42172,23/05/2019,13,Average,Los Angeles
E1045,Cynthia Mann,44,Finance,36375,08/11/2020,4,Excellent,New York
E1046,Michael Bryan,22,HR,77792,28/01/2017,20,Good,Chicago
E1047,Michelle Fry,30,Operations,98310,05/10/2020,30,Good,Houston
E1048,Tammy Smith,41,Sales,107085,25/04/2019,8,Average,Chicago
E1049,Charlotte Miller,47,IT,43828,01/04/2022,27,Average,Chicago
E1050,Elizabeth Mayer,36,Sales,116750,30/05/2020,36,Excellent,Los Angeles
E1051,Tiffany Herman,59,Marketing,106739,27/03/2018,9,Excellent,Los Angeles
E1052,Ryan Beard,53,Operations,113571,19/12/2016,26,Good,San Francisco
E1053,Sara Walton,41,HR,52075,22/09/2018,4,Poor,Los Angeles
E1054,Sonya Watson,51,Marketing,79787,28/02/2018,3,Poor,New York
E1055,Ashley Thomas,45,IT,60683,19/06/2024,30,Average,San Francisco
E1056,David Gomez,56,HR,117289,15/03/2018,34,Good,New York
E1057,Patricia Bradley,41,Finance,71509,06/08/2020,38,Good,San Francisco
E1058,Beverly Singh,33,IT,81384,24/12/2024,23,Average,New York
E1059,Robert Tucker,52,Finance,35920,12/04/2020,7,Excellent,Houston
E1060,Ann Bauer,57,HR,88811,31/08/2023,12,Excellent,San Francisco
E1061,Stacey Carney,26,Operations,78730,11/01/2017,24,Excellent,San Francisco
E1062,David Campbell,47,Operations,48636,29/08/2016,38,Excellent,Chicago
E1063,Susan Baxter,57,Sales,87288,28/04/2020,11,Good,San Francisco
E1064,Timothy Hall,41,Finance,69516,02/05/2018,34,Excellent,Houston
E1065,Morgan Sanders,49,Finance,95302,29/03/2018,3,Excellent,Houston
E1066,Douglas Mayer,32,Finance,59680,08/02/2020,29,Average,Los Angeles
E1067,Scott Gay,41,IT,81481,29/09/2015,1,Excellent,Los Angeles
E1068,Bradley Smith,50,HR,46734,30/10/2017,33,Poor,San Francisco
E1069,Matthew Jones,43,Sales,30504,06/10/2023,37,Good,New York
E1070,Robert Nichols,34,Sales,75220,21/02/2018,21,Good,New York
E1071,John Stewart,45,Operations,30036,23/06/2024,25,Excellent,San Francisco
E1072,Jason King,23,Finance,52801,24/12/2019,37,Excellent,New York
E1073,Thomas Ferguson,32,HR,77211,02/08/2023,27,Good,Houston
E1074,Mark White,28,Sales,48944,30/06/2015,2,Average,Los Angeles
E1075,Ernest Hall,44,Operations,50208,28/12/2019,5,Average,Los Angeles
E1076,Donald George,26,Finance,59738,14/02/2020,22,Poor,Los Angeles
E1077,Michael Fisher,22,Sales,79192,25/05/2017,30,Average,Chicago
E1078,Chloe Wood,55,Finance,81343,08/12/2018,29,Excellent,San Francisco
E1079,Matthew Flores,40,Sales,112969,30/05/2016,1,Excellent,Houston
E1080,Tyrone Washington,60,Finance,46182,24/07/2015,8,Good,Houston
E1081,Frank Jones,56,HR,103105,29/07/2021,4,Excellent,Chicago
E1082,Melissa Garcia,25,Finance,118844,07/06/2022,8,Average,New York
E1083,Adam Richardson DVM,58,IT,111887,31/07/2018,34,Excellent,San Francisco
E1084,Rachel Lyons,56,Sales,83805,06/11/2019,29,Poor,New York
E1085,Justin Haas,52,HR,54203,23/12/2023,28,Good,Houston
E1086,Jesus Morris,45,Marketing,81193,19/02/2020,33,Good,Houston
E1087,Jennifer Diaz,22,Operations,99464,23/02/2019,16,Poor,Los Angeles
E1088,Evelyn Giles,29,Operations,44688,15/02/2021,33,Good,Houston
E1089,Rebecca Stark,35,Finance,48895,13/03/2019,37,Good,New York
E1090,Christopher Dillon,45,HR,118757,20/04/2023,29,Excellent,Chicago
E1091,Heather Miller,60,Marketing,33668,01/09/2016,4,Poor,Houston
E1092,Lisa Porter,56,HR,71473,16/09/2022,38,Good,Houston
E1093,Carol Allison,27,Marketing,54773,10/04/2017,5,Excellent,San Francisco
E1094,Bryan Obrien,57,HR,33152,07/02/2016,33,Excellent,Houston
E1095,Matthew Mcdaniel,53,Operations,59572,18/07/2023,38,Excellent,New York
E1096,Patricia Alexander DDS,47,Finance,109340,08/10/2016,2,Average,Chicago
E1097,Andrew Orozco,54,HR,94354,19/05/2015,18,Excellent,Houston
E1098,Mrs. Andrea Castillo,23,Sales,98237,16/04/2015,5,Poor,Chicago
E1099,Yolanda Savage,57,Sales,53432,17/01/2025,28,Poor,Chicago
E1100,Angela Hernandez,45,Operations,94532,11/05/2016,14,Average,Houston
E1101,Maria Snyder,46,Marketing,36873,15/01/2021,32,Average,Houston
E1102,Justin Wolfe,39,Sales,92006,26/07/2015,31,Poor,Los Angeles
E1103,Justin Alvarado,58,Marketing,95912,03/08/2024,20,Average,Houston
E1104,Amber Davis,42,HR,50056,23/07/2022,27,Average,Houston
E1105,Erin Sanchez,36,Sales,105279,02/02/2016,2,Poor,New York
E1106,Kevin Evans,53,HR,73944,13/09/2016,3,Poor,San Francisco
E1107,Maria Olson,28,HR,105877,01/09/2018,26,Good,Houston
E1108,Matthew Mason,54,Sales,69017,25/01/2018,34,Poor,Chicago
E1109,Michael Hunter,59,HR,90796,04/06/2016,33,Poor,New York
E1110,Daniel Nelson,53,Operations,34095,07/07/2022,39,Good,Los Angeles
E1111,Robin Hunt,42,Marketing,107432,22/12/2015,39,Excellent,Houston
E1112,Mr. Christopher Morris,52,Sales,72642,19/07/2016,16,Excellent,Houston
E1113,Jonathan Mueller,46,HR,89880,21/11/2018,38,Excellent,Houston
E1114,Cole Thompson,35,Finance,55039,24/07/2019,28,Good,San Francisco
E1115,David Gonzalez,42,Finance,101687,18/05/2017,1,Excellent,New York
E1116,Willie White,41,Operations,118699,04/09/2023,7,Poor,San Francisco
E1117,Frank Phillips,27,Operations,50591,16/12/2015,14,Good,San Francisco
E1118,Michael Stewart,59,HR,111937,14/07/2022,36,Average,New York
E1119,Kristen Nash,25,Marketing,68343,02/12/2021,7,Good,Chicago
E1120,Kelly Johnson,50,Marketing,36221,30/11/2023,17,Average,San Francisco
E1121,Michael Bowen,44,Operations,88229,23/08/2023,28,Poor,Los Angeles
E1122,Patrick Mckenzie,44,IT,40304,03/08/2018,1,Excellent,Houston
E1123,Nancy Gordon,27,Operations,81214,10/12/2020,30,Poor,New York
E1124,Jessica Kramer,30,HR,115018,22/01/2025,27,Good,Chicago
E1125,Abigail Gross,44,Finance,106151,20/12/2024,32,Excellent,San Francisco
E1126,Rebecca Martinez,37,Operations,105356,23/03/2021,21,Poor,New York
E1127,Ashley Nixon,46,Sales,88276,06/05/2015,39,Excellent,Houston
E1128,Erin Ortega,55,HR,74210,11/05/2015,19,Poor,San Francisco
E1129,Jerry Frederick,50,HR,76672,30/03/2023,1,Average,Los Angeles
E1130,April Reese,54,Sales,92566,25/06/2016,12,Poor,New York
E1131,Diana Gutierrez,29,Marketing,77442,26/05/2016,11,Excellent,Houston
E1132,Theresa Miller,39,Sales,99775,07/07/2023,18,Poor,New York
E1133,Katherine Pearson,51,Sales,66635,20/11/2015,23,Poor,New York
E1134,Destiny Mcbride,27,Sales,115668,02/12/2019,26,Poor,Chicago
E1135,Sara Crosby,56,Operations,37609,31/12/2020,23,Poor,Houston
E1136,Valerie Gilbert,52,Marketing,68280,04/06/2022,14,Poor,Chicago
E1137,Meredith Johnson,22,Operations,44058,13/03/2020,10,Average,Los Angeles
E1138,Phillip Collins,60,HR,113714,13/01/2022,18,Average,Chicago
E1139,Amy Klein,51,Operations,99073,28/03/2016,32,Poor,Chicago
E1140,Christina Williams,50,Sales,50496,25/08/2019,34,Poor,Los Angeles
E1141,Steven Yu,33,Sales,117325,14/05/2019,24,Poor,Los Angeles
E1142,Shelly Austin,50,Marketing,119093,21/08/2020,16,Average,Houston
E1143,Chad Brown,51,HR,118607,13/11/2021,37,Average,New York
E1144,Douglas Clark,59,Marketing,69815,25/02/2018,35,Poor,New York
E1145,Brittany Tyler,51,HR,87185,25/11/2016,21,Poor,New York
E1146,Michael Khan,53,Operations,40954,19/05/2021,26,Poor,New York
E1147,Kyle Martin,43,HR,116461,11/11/2020,10,Average,New York
E1148,Zachary Cain,45,Finance,66934,15/06/2023,26,Average,Chicago
E1149,John Olson,33,Sales,79822,24/04/2024,2,Good,Chicago
E1150,Mary Atkinson,43,HR,109870,15/03/2021,19,Excellent,Chicago
E1151,Leon Bailey,35,Operations,39649,29/06/2017,39,Good,San Francisco
E1152,Shannon Brooks,31,Sales,60969,27/11/2021,2,Poor,Chicago
E1153,Justin Shaffer,28,IT,53533,27/06/2021,5,Good,Houston
E1154,Richard George,59,HR,103287,19/02/2025,32,Good,Houston
E1155,Joshua Stewart,38,IT,30322,06/01/2016,34,Poor,New York
E1156,Michael Singh,60,Sales,54220,12/05/2024,4,Good,Los Angeles
E1157,Miss Heather Vazquez,57,IT,31578,13/08/2020,20,Poor,New York
E1158,Ronnie Soto,50,HR,31054,12/05/2021,20,Excellent,Chicago
E1159,Derek Garrett,35,HR,115706,05/06/2018,13,Excellent,Los Angeles
E1160,Daniel Rodriguez,28,Sales,119413,30/10/2023,1,Average,San Francisco
E1161,Jason Bridges,33,Sales,69055,26/06/2022,21,Poor,Los Angeles
E1162,Rebecca Collins,59,HR,107912,12/11/2021,27,Average,Los Angeles
E1163,Daniel Montgomery,22,Finance,44723,05/08/2015,40,Average,San Francisco
E1164,Christina Rodriguez,51,Marketing,108005,11/12/2016,29,Good,San Francisco
E1165,Patricia Aguirre,39,Operations,36587,07/11/2024,20,Average,San Francisco
E1166,Mr. Matthew Hudson,42,IT,67491,07/01/2022,26,Excellent,New York
E1167,Samantha Robinson,29,Finance,59697,19/04/2016,2,Excellent,New York
E1168,Joe Ellis,57,Finance,31074,02/03/2024,30,Poor,Houston
E1169,Richard Solomon,24,Operations,80165,28/04/2016,7,Average,Chicago
E1170,Sharon Mason,53,Sales,57893,03/12/2021,34,Good,San Francisco
E1171,William Johnson,33,HR,31013,15/12/2017,3,Average,Los Angeles
E1172,Alexander Sanchez,46,Operations,52731,27/07/2023,7,Good,Houston
E1173,Timothy Pierce,29,Operations,57094,04/09/2017,20,Average,Los Angeles
E1174,Julie Davis,56,Finance,34541,04/08/2023,16,Average,Houston
E1175,Tamara Cox,51,Finance,79206,06/12/2018,1,Poor,San Francisco
E1176,Brittney Warren,22,IT,110714,08/05/2020,38,Excellent,Chicago
E1177,Terry Bonilla,30,Finance,92067,01/03/2025,39,Excellent,Los Angeles
E1178,Raymond Foley,30,Marketing,83322,17/03/2025,30,Average,Los Angeles
E1179,Jessica Tran,38,Operations,87694,26/08/2016,1,Excellent,Los Angeles
E1180,James Crosby,52,Finance,113729,07/09/2015,15,Average,New York
E1181,Clinton Brown,53,Operations,44619,23/06/2023,39,Average,Houston
E1182,John Huerta,30,Marketing,76053,02/06/2020,35,Good,New York
E1183,Miguel Smith,55,Sales,112252,12/03/2020,20,Poor,San Francisco
E1184,Patrick Barrett,51,Finance,70990,11/06/2022,13,Average,Houston
E1185,Steven Keller,29,Marketing,42868,30/11/2021,8,Poor,Chicago
E1186,Joshua Craig,49,Sales,97922,09/01/2021,6,Poor,Chicago
E1187,Cynthia Lee,47,HR,91110,02/12/2018,16,Excellent,Los Angeles
E1188,Timothy Ward,55,Finance,52478,06/04/2022,21,Excellent,Houston
E1189,Heather Smith,24,Sales,36449,17/06/2020,14,Poor,New York
E1190,Paul Hall,51,HR,42981,09/05/2019,10,Good,Houston
E1191,Felicia Schaefer,37,IT,30713,14/06/2021,10,Good,Houston
E1192,Joshua Lucas,44,IT,110321,20/06/2024,23,Average,Houston
E1193,Daniel Erickson,36,HR,106326,29/01/2023,12,Good,Chicago
E1194,Gerald Guzman,30,IT,38548,16/06/2024,31,Excellent,Houston
E1195,Thomas Brown,26,Sales,114469,05/02/2022,32,Average,Chicago
E1196,Rodney Mooney,51,IT,92155,14/01/2022,23,Poor,Los Angeles
E1197,Kathleen Adams,41,Sales,54254,05/05/2018,33,Excellent,New York
E1198,Christopher Gonzalez,48,Operations,38440,08/06/2023,16,Good,Houston
E1199,Stacie Mccarthy,52,IT,111940,23/01/2020,19,Excellent,Houston
E1200,Brian Rivers,51,IT,82036,15/03/2022,40,Average,San Francisco
E1201,Collin Perez,54,Operations,87996,21/12/2016,20,Excellent,Houston
E1202,Jose White,40,Finance,41854,05/07/2024,23,Average,New York
E1203,Cynthia Stone,59,Marketing,83496,26/12/2018,10,Good,Los Angeles
E1204,Susan Brooks,56,Sales,80767,04/03/2022,16,Average,New York
E1205,Russell Underwood,55,Sales,35781,07/02/2018,29,Average,New York
E1206,Joshua Berger,31,Finance,96201,12/01/2019,28,Average,Los Angeles
E1207,Dylan Reed,27,Marketing,103146,01/05/2022,2,Excellent,Los Angeles
E1208,Elizabeth Roberts,26,HR,44084,26/10/2016,23,Average,New York
E1209,Chad Anderson,45,Finance,56615,10/12/2020,18,Good,New York
E1210,Shawn Santos,39,IT,115362,07/04/2017,5,Good,Houston
E1211,Steven Martinez,42,Finance,82327,29/12/2018,26,Good,Chicago
E1212,Jerry Ferguson,55,HR,49498,19/01/2024,28,Good,San Francisco
E1213,David Alvarez,29,Sales,104192,31/03/2021,15,Poor,San Francisco
E1214,Christina Rodriguez,42,Finance,119195,24/09/2020,8,Excellent,Chicago
E1215,Ashley Russell,30,Finance,60290,24/02/2020,32,Excellent,San Francisco
E1216,Kathy Grant,46,Operations,84094,11/01/2021,11,Excellent,San Francisco
E1217,Lindsay Anderson,42,Finance,104665,10/02/2020,18,Excellent,San Francisco
E1218,Henry Harper,46,IT,100582,31/08/2024,20,Good,San Francisco
E1219,Brandon Campos,25,HR,78319,26/08/2022,35,Good,Los Angeles
E1220,Ronald Woods,49,Finance,48319,31/12/2015,19,Poor,Los Angeles
E1221,Kimberly Jackson,22,HR,116885,22/03/2020,21,Average,New York
E1222,Joyce Griffin,32,Operations,98229,16/03/2020,30,Poor,San Francisco
E1223,Brandon Perez,31,Marketing,102256,29/07/2023,8,Poor,San Francisco
E1224,Dylan Jefferson,41,IT,78128,19/10/2019,40,Poor,New York
E1225,Shannon Weber,29,IT,73380,18/09/2016,7,Good,San Francisco
E1226,Victoria Marsh,36,IT,109345,07/08/2015,1,Good,New York
E1227,Daniel Deleon,35,Marketing,41705,29/04/2017,16,Excellent,New York
E1228,Raymond Marshall,28,Operations,38398,20/03/2020,1,Good,Chicago
E1229,Christina Gonzalez,53,HR,67721,05/03/2022,4,Average,Houston
E1230,Dean Henderson,33,Marketing,72533,14/08/2021,30,Excellent,Houston
E1231,Jonathan Lang,31,IT,45065,21/05/2024,22,Good,Houston
E1232,Matthew Davis,42,IT,95125,07/04/2016,38,Excellent,San Francisco
E1233,Peggy Luna,37,Operations,37044,22/11/2017,29,Excellent,Houston
E1234,Robert George,54,Finance,59575,02/10/2017,19,Average,San Francisco
E1235,Brandon Stone,25,Operations,93475,24/10/2021,21,Average,Los Angeles
E1236,David Garner,24,Operations,40289,10/04/2018,30,Average,New York
E1237,Sherri Mclean,42,HR,43406,24/04/2024,27,Excellent,Houston
E1238,Sarah Cobb,32,HR,99451,30/10/2021,29,Poor,Chicago
E1239,Miguel Allen,49,Finance,113483,25/03/2023,22,Poor,Los Angeles
E1240,Juan Ayala,53,IT,102028,10/12/2023,10,Average,New York
E1241,James Peterson,51,Marketing,59775,02/07/2018,35,Good,New York
E1242,Mrs. Melissa Richardson DDS,35,Operations,30101,07/09/2024,21,Excellent,San Francisco
E1243,Stacy Lowe,50,Marketing,119730,08/09/2020,25,Poor,Los Angeles
E1244,Tiffany Frazier,56,HR,96713,22/12/2016,18,Excellent,New York
E1245,Jake Cox,24,Marketing,31211,11/07/2017,20,Poor,San Francisco
E1246,Tiffany Hooper,43,Sales,56450,25/04/2024,35,Poor,New York
E1247,Emily Prince,22,HR,44080,20/09/2015,14,Good,New York
E1248,Yolanda Johnson,49,IT,50759,30/07/2016,29,Good,Chicago
E1249,David Benton,48,Operations,92357,14/08/2021,27,Good,Houston
E1250,Jerry Smith,57,Sales,111887,20/08/2023,14,Poor,Los Angeles
E1251,Laura Stokes,52,Operations,83757,23/04/2015,20,Excellent,Los Angeles
E1252,Susan Scott,35,Sales,90236,03/03/2023,20,Excellent,Chicago
E1253,Karina Murray,45,Operations,81497,12/05/2016,21,Excellent,New York
E1254,Carol Guerra,41,IT,112368,03/10/2019,33,Excellent,Los Angeles
E1255,Tracy Davidson,40,Marketing,108134,07/06/2018,29,Good,Chicago
E1256,Felicia Ortega,40,Operations,111289,11/10/2023,32,Average,Houston
E1257,Allen Bennett,26,Sales,45700,19/05/2021,24,Good,Chicago
E1258,Nancy Edwards,51,IT,116286,10/07/2015,1,Good,Chicago
E1259,Derek Cooley,43,Marketing,96463,13/05/2017,36,Good,San Francisco
E1260,Adam Jordan,55,Operations,34990,27/03/2021,13,Average,San Francisco
E1261,Brandy Sexton,50,Marketing,95780,16/07/2016,4,Excellent,Houston
E1262,Jose Daniels,47,Finance,92026,21/04/2024,7,Excellent,Houston
E1263,Elizabeth Rush,26,HR,35922,06/05/2017,12,Excellent,San Francisco
E1264,Jeanette Thomas,37,IT,38391,03/05/2016,29,Excellent,Houston
E1265,Terry Palmer,35,Sales,39032,27/05/2020,3,Good,Houston
E1266,Jessica Cabrera,33,Sales,50815,15/04/2023,6,Poor,New York
E1267,Todd Garcia,24,HR,112036,16/02/2021,28,Excellent,New York
E1268,Heather Hill,56,Operations,90726,25/10/2024,8,Average,Los Angeles
E1269,Brittney Parks,28,HR,94365,25/10/2016,40,Average,Los Angeles
E1270,Lisa Maldonado,53,HR,51249,11/03/2020,22,Excellent,Houston
E1271,Lisa Douglas,46,HR,118734,16/11/2016,10,Average,Los Angeles
E1272,Jacqueline Garza,29,Marketing,108462,29/10/2024,28,Good,New York
E1273,William Freeman,28,Finance,62797,28/08/2015,16,Excellent,New York
E1274,Anthony James,44,Marketing,82962,29/10/2016,32,Poor,Chicago
E1275,Crystal Peterson,60,HR,93247,28/07/2019,9,Good,Chicago
E1276,Ronald Green,43,Sales,66503,25/05/2016,11,Poor,New York
E1277,Tony Woods,59,Marketing,100393,27/10/2022,25,Excellent,Chicago
E1278,Aaron Miller,43,Sales,37389,18/09/2015,11,Good,Houston
E1279,Brandon Davis,22,Marketing,59369,11/03/2023,38,Poor,San Francisco
E1280,Elizabeth Freeman,33,Finance,65871,08/10/2021,10,Average,Chicago
E1281,Janet Williams,24,Marketing,36358,01/12/2023,5,Excellent,Chicago
E1282,Stephanie Shah,28,HR,106397,30/05/2022,22,Good,Houston
E1283,Emily Parrish,43,IT,96101,10/05/2024,25,Average,New York
E1284,Sheri Lopez,24,Sales,118014,12/06/2015,5,Good,New York
E1285,Tyler Jones,52,Marketing,117163,03/10/2021,12,Excellent,Los Angeles
E1286,Bobby Holmes,51,Marketing,94668,25/07/2024,3,Good,New York
E1287,Holly Waller,46,IT,102199,10/04/2017,27,Poor,Houston
E1288,Sandra Mora,30,Marketing,117209,01/09/2021,18,Excellent,New York
E1289,Jessica Reynolds,60,Finance,107302,22/10/2022,40,Poor,Los Angeles
E1290,Jennifer Lam,24,Sales,72983,21/07/2018,29,Poor,San Francisco
E1291,Erin Clark,50,Sales,45569,31/08/2020,38,Poor,New York
E1292,Elizabeth Rosario,35,Finance,84868,02/01/2016,23,Excellent,San Francisco
E1293,Philip Shelton,25,HR,112506,28/07/2015,37,Poor,Chicago
E1294,Angela Morales,29,Finance,106928,20/01/2020,21,Excellent,San Francisco
E1295,Tammy Blankenship,46,Sales,113624,12/04/2019,25,Poor,Houston
E1296,Rebecca Perry,52,IT,91782,16/04/2017,19,Good,San Francisco
E1297,Devin Espinoza,37,IT,63152,14/10/2017,14,Good,Los Angeles
E1298,David Schneider,22,IT,51939,15/01/2025,9,Excellent,San Francisco
E1299,Charles Rodriguez,34,Finance,38994,17/02/2016,25,Average,San Francisco
E1300,Karla Walton,41,Finance,73826,30/03/2023,4,Excellent,San Francisco
E1301,James Lara,30,HR,67387,25/08/2019,39,Poor,Los Angeles
E1302,James Thompson,51,Finance,71756,04/12/2022,17,Average,Houston
E1303,Timothy Jenkins,31,Finance,62827,29/12/2018,15,Average,Chicago
E1304,Eric Woods,60,Marketing,58566,26/05/2017,6,Poor,Chicago
E1305,Elizabeth Jones,51,Marketing,67792,29/08/2021,34,Excellent,San Francisco
E1306,John Nelson,29,Marketing,88378,30/07/2019,8,Excellent,Houston
E1307,Joseph Leach,45,Sales,106697,02/04/2017,11,Poor,San Francisco
E1308,Juan Greer,36,Marketing,112702,03/04/2023,23,Poor,San Francisco
E1309,Ashley Ortiz,55,Operations,71394,21/10/2018,15,Good,Houston
E1310,Tracey Schroeder DVM,23,Finance,94822,24/09/2023,8,Poor,Los Angeles
E1311,Morgan Hernandez,37,Sales,85714,18/06/2015,28,Good,New York
E1312,Jason Smith,28,IT,71029,25/01/2022,24,Poor,New York
E1313,Jason Madden,43,Marketing,58262,27/01/2018,35,Excellent,Houston
E1314,Alexandria Whitney,47,Sales,47002,28/09/2017,11,Good,San Francisco
E1315,Austin Burke,56,Operations,110631,27/11/2022,30,Average,Los Angeles
E1316,Tonya Anderson,33,Marketing,86192,22/04/2016,38,Good,Chicago
E1317,David Herrera,57,HR,97230,14/06/2017,26,Average,Houston
E1318,Victoria Armstrong,55,Marketing,47769,26/09/2018,36,Good,San Francisco
E1319,Kelly Rodriguez,40,HR,107560,27/02/2017,27,Average,San Francisco
E1320,Sherri Browning,50,IT,31270,23/08/2023,26,Poor,Houston
E1321,Michael Chen,29,Operations,119279,12/01/2018,30,Excellent,New York
E1322,Kelly Holmes,57,Finance,105197,26/07/2019,8,Average,Houston
E1323,Tammy Austin MD,53,Operations,40760,22/04/2015,37,Poor,New York
E1324,Pamela Arnold,38,IT,87536,25/08/2019,40,Good,San Francisco
E1325,Jasmine Conway,59,Operations,94305,05/08/2021,12,Poor,Chicago
E1326,Sean Price,57,HR,59819,14/05/2015,12,Excellent,Chicago
E1327,Dr. David Sanders,34,Marketing,41760,31/10/2018,21,Average,San Francisco
E1328,Lisa Thomas,23,IT,71021,06/06/2021,18,Excellent,New York
E1329,David Evans,52,Finance,97663,12/11/2018,28,Average,New York
E1330,Stefanie Cochran,34,HR,69659,15/01/2024,9,Poor,San Francisco
E1331,Jaime Moore,26,Operations,58745,26/09/2017,23,Poor,New York
E1332,Samantha Howell,55,HR,116518,01/04/2024,24,Average,Los Angeles
E1333,Stephen Patterson,31,Finance,53340,06/07/2017,27,Good,New York
E1334,David King,59,IT,111901,25/04/2023,17,Excellent,New York
E1335,Elizabeth Fuentes,60,Sales,110259,03/06/2023,8,Good,New York
E1336,Kevin Anderson,40,HR,68860,05/11/2023,29,Average,New York
E1337,Ronald Fox,52,Operations,38852,02/04/2015,21,Poor,Houston
E1338,John Perez,35,Sales,81306,09/09/2015,32,Poor,New York
E1339,Courtney Bond,60,Operations,98111,28/09/2017,14,Poor,Houston
E1340,Daniel House,56,HR,32686,28/04/2023,15,Excellent,Houston
E1341,Denise Sanchez,26,Finance,67398,28/07/2017,26,Average,Chicago
E1342,Joshua Morris,47,HR,57400,25/03/2018,24,Poor,Chicago
E1343,Laura Harris,31,HR,116280,21/07/2022,10,Average,San Francisco
E1344,Emily Morris,33,Sales,116196,29/01/2024,31,Excellent,Houston
E1345,Stephanie Garcia,32,Finance,74059,01/12/2018,39,Good,San Francisco
E1346,Christopher Jones,42,Sales,79144,21/12/2019,21,Average,Chicago
E1347,Emily Kim,59,IT,38099,13/05/2019,2,Poor,Los Angeles
E1348,Monique Williams,38,Sales,93763,31/10/2020,3,Good,Los Angeles
E1349,Craig Smith,49,Marketing,100750,20/08/2016,29,Good,Chicago
E1350,Gary Robinson,54,HR,46677,27/10/2016,22,Poor,Chicago
E1351,Nicole Ramos,60,IT,46591,08/10/2015,22,Average,New York
E1352,Kathryn Griffin,47,Finance,119739,19/10/2017,22,Good,San Francisco
E1353,Jasmine Beard,53,Marketing,58095,23/11/2022,7,Excellent,Houston
E1354,David Powell,50,Operations,78627,19/12/2019,17,Average,New York
E1355,Keith Garcia,54,IT,90221,19/06/2018,5,Poor,Chicago
E1356,Jacqueline Brown,41,Operations,42740,19/03/2022,33,Excellent,New York
E1357,Sherry Campbell,44,Operations,68107,11/04/2021,14,Good,Houston
E1358,Matthew Green,48,Sales,34027,16/06/2022,5,Excellent,Los Angeles
E1359,Daniel Gonzales,29,HR,107105,06/09/2024,38,Excellent,San Francisco
E1360,Christopher Livingston,31,Operations,69983,10/10/2022,14,Poor,New York
E1361,Miss Lisa Koch,60,Operations,103106,14/06/2019,30,Good,New York
E1362,Tracy Davis,31,HR,57696,22/04/2024,18,Excellent,New York
E1363,Kimberly Smith,24,Sales,61989,07/10/2024,17,Poor,Chicago
E1364,Steven Rivera,43,Marketing,45384,22/11/2017,10,Good,New York
E1365,Samuel Allen,52,HR,61177,07/11/2018,6,Average,Chicago
E1366,Brandon Krueger,40,HR,30107,10/01/2019,13,Excellent,Chicago
E1367,Donna Todd,42,Sales,90381,18/10/2015,1,Average,Houston
E1368,Nathan Smith,52,Operations,92582,09/02/2016,35,Average,Chicago
E1369,Nathan Moore,48,Sales,38328,20/09/2017,28,Poor,Houston
E1370,Elizabeth Martinez,39,Finance,86344,02/02/2024,40,Good,Chicago
E1371,Brianna Martinez,52,IT,99236,28/07/2018,40,Poor,Houston
E1372,Jesus Holmes,60,Finance,85306,14/12/2017,32,Average,Houston
E1373,Eric Taylor,35,Marketing,70940,31/01/2020,17,Poor,Chicago
E1374,Nicholas Sanchez,47,HR,37408,17/05/2018,14,Excellent,Houston
E1375,Mary Schmitt,59,Marketing,60369,07/12/2024,32,Poor,Houston
E1376,Steven Harris,33,Sales,112043,28/04/2015,6,Good,Chicago
E1377,Stephen Ward,28,Marketing,102784,12/02/2025,9,Average,Los Angeles
E1378,Chris Le,45,Sales,73529,09/04/2020,23,Poor,Chicago
E1379,Robert Golden,40,IT,113312,03/07/2021,20,Average,New York
E1380,Christopher Wolfe,24,Sales,85363,27/12/2016,18,Poor,Houston
E1381,Gail Duffy,38,Marketing,111876,09/05/2020,38,Good,San Francisco
E1382,Brandon Costa,55,Operations,102679,21/08/2020,3,Poor,New York
E1383,Cassandra Clark,38,Finance,88287,17/10/2019,6,Excellent,Los Angeles
E1384,Sarah Raymond,42,HR,66406,12/09/2022,22,Good,Houston
E1385,Robert Smith,54,HR,119300,12/03/2017,34,Good,New York
E1386,Christine Gonzalez,59,HR,50170,13/03/2019,2,Poor,Chicago
E1387,Max Smith,28,Finance,92807,12/02/2020,23,Average,Chicago
E1388,Jeffrey Jackson,23,Operations,77417,16/09/2019,35,Good,Houston
E1389,Kevin Massey,30,Sales,92225,20/05/2015,11,Poor,San Francisco
E1390,Joseph Jimenez,26,Marketing,38127,27/03/2021,30,Average,Chicago
E1391,Dana Reynolds,47,HR,87876,22/08/2024,35,Good,New York
E1392,James Weaver,37,Marketing,61072,10/11/2021,8,Average,New York
E1393,Michael Barker,24,Marketing,46295,24/04/2018,5,Poor,New York
E1394,Meghan Williams,53,Operations,102328,31/05/2023,10,Average,New York
E1395,Lisa Hendricks,43,Operations,60360,20/12/2023,12,Excellent,Los Angeles
E1396,Nicholas Vazquez,44,Sales,55097,30/12/2022,16,Excellent,Chicago
E1397,Isaac Morales,53,Operations,93432,28/09/2016,21,Average,Houston
E1398,Matthew Morrow,51,Finance,93282,04/01/2022,32,Poor,Los Angeles
E1399,Emily West,60,IT,76474,14/06/2021,3,Poor,Chicago
E1400,Nicole Gonzales DDS,24,Operations,59790,25/03/2022,14,Good,Los Angeles
E1401,Andrew Chang,24,Operations,84371,25/06/2015,34,Average,Chicago
E1402,James Stone,53,HR,103456,28/08/2017,2,Average,Chicago
E1403,Brenda Velazquez,33,Marketing,66911,23/05/2016,33,Excellent,New York
E1404,Jeffrey Stewart,51,IT,113719,11/11/2018,27,Poor,Houston
E1405,Jason Sanchez III,28,Sales,68841,04/09/2015,15,Good,Houston
E1406,Michael Tran,60,HR,64649,04/08/2018,12,Excellent,Houston
E1407,Benjamin Collins,60,HR,49871,07/03/2023,31,Poor,Chicago
E1408,Joshua Hayden,29,HR,32374,08/08/2021,26,Poor,Chicago
E1409,Brian Flores,51,Operations,38502,02/09/2016,34,Good,San Francisco
E1410,Jennifer Eaton,36,Marketing,55928,16/08/2024,15,Poor,Chicago
E1411,Karen Richards,50,IT,58619,10/05/2016,27,Poor,New York
E1412,Dale Foster,53,IT,111014,26/08/2015,29,Good,San Francisco
E1413,Christopher Gilbert,22,Marketing,84048,27/07/2015,21,Good,San Francisco
E1414,Linda Cook,44,HR,56330,18/07/2019,34,Good,Chicago
E1415,Kevin Mullins,57,Operations,52925,29/11/2017,24,Poor,Los Angeles
E1416,Dana Bond,24,Finance,72530,22/12/2015,21,Poor,Chicago
E1417,Carrie Mills,29,HR,55057,05/04/2016,27,Good,New York
E1418,Teresa Patel,56,Sales,40696,08/05/2021,23,Poor,San Francisco
E1419,Ralph Evans,30,Sales,75138,14/09/2020,40,Poor,San Francisco
E1420,Michelle Love,25,Marketing,31040,27/11/2023,4,Poor,Houston
E1421,Kenneth Anderson,33,Finance,97200,20/01/2020,38,Good,San Francisco
E1422,Angel Coleman,43,Marketing,83666,15/08/2019,11,Poor,New York
E1423,Elizabeth Davidson,46,HR,78500,07/02/2017,24,Good,Chicago
E1424,Kenneth Martinez,34,Sales,74485,07/12/2024,9,Poor,Houston
E1425,Carlos Ross,24,Sales,41135,10/05/2022,35,Excellent,Chicago
E1426,Jeffrey Chan,24,Sales,113282,29/04/2019,15,Good,Houston
E1427,Brett Fletcher,39,Finance,80721,23/03/2023,5,Excellent,Houston
E1428,Andrew Garcia,54,Sales,46415,02/11/2017,24,Excellent,Los Angeles
E1429,Sandra Atkins,59,IT,104750,18/07/2021,11,Average,Houston
E1430,Donald Livingston,44,Marketing,117144,13/01/2019,6,Average,New York
E1431,Thomas Jones,45,Sales,99691,22/02/2018,10,Excellent,Chicago
E1432,David Adams,30,Marketing,107077,04/06/2015,24,Poor,Los Angeles
E1433,Brian Spencer,59,Finance,60596,11/08/2021,16,Average,New York
E1434,Ebony Ware,27,IT,107287,13/10/2023,8,Average,Los Angeles
E1435,Erin Stewart,47,Sales,83405,17/12/2017,35,Excellent,Houston
E1436,Stacey Jones,56,Marketing,44105,17/04/2017,23,Good,San Francisco
E1437,Heather Miller,27,HR,101052,09/11/2019,11,Good,New York
E1438,Monica Mendez,43,Marketing,51330,19/07/2020,35,Good,Chicago
E1439,Jason Mccoy,44,Finance,118921,04/03/2019,31,Excellent,San Francisco
E1440,Sonya Ayala,49,Marketing,30025,29/11/2023,1,Excellent,Houston
E1441,Matthew Gray,32,Finance,40202,01/12/2021,28,Poor,Los Angeles
E1442,Brenda Norris,51,Operations,98314,01/06/2023,29,Poor,New York
E1443,Zachary Campbell,58,Finance,80566,25/08/2019,21,Good,San Francisco
E1444,Julie Pena,60,IT,100726,01/09/2016,29,Average,Chicago
E1445,Justin Eaton,26,Sales,87169,19/10/2024,8,Average,San Francisco
E1446,Neil Patel,34,Marketing,102593,05/07/2017,2,Good,Houston
E1447,Tammy Garcia,22,Finance,102637,24/06/2017,40,Excellent,Los Angeles
E1448,Nicole Davis,26,Marketing,41494,29/11/2022,9,Good,Los Angeles
E1449,Michelle West,30,Sales,114554,21/06/2023,25,Excellent,San Francisco
E1450,Ashlee Smith,47,HR,109600,08/06/2018,21,Excellent,Houston
E1451,Carl Watkins,22,Marketing,77859,06/04/2020,26,Poor,Chicago
E1452,Courtney Ramirez,32,Operations,55313,23/10/2016,13,Poor,Houston
E1453,Jessica Pierce,41,Operations,107804,25/09/2018,38,Excellent,Los Angeles
E1454,Cheryl Tucker,60,Marketing,40400,26/11/2021,7,Average,New York
E1455,Sharon Carroll,60,IT,103694,17/09/2015,39,Good,Houston
E1456,Gerald Carter,44,Finance,45209,06/12/2015,25,Poor,San Francisco
E1457,Phillip Bryant,52,Sales,69866,02/03/2019,14,Excellent,San Francisco
E1458,William Peterson,34,Finance,49820,20/03/2021,38,Average,Chicago
E1459,Darrell Jackson,39,HR,114969,15/09/2015,15,Good,Houston
E1460,Brittany Bright,35,IT,82919,27/05/2021,40,Average,San Francisco
E1461,Patricia Griffith,43,Marketing,102115,25/11/2023,33,Average,San Francisco
E1462,Pamela Simmons,25,Sales,61585,06/09/2021,6,Excellent,San Francisco
E1463,Thomas Perez,38,Operations,95955,25/09/2019,35,Excellent,Chicago
E1464,Scott Miller,56,HR,97428,21/03/2024,22,Poor,San Francisco
E1465,Heidi Reed,49,Sales,80156,27/05/2016,5,Excellent,Chicago
E1466,Sara Gentry,51,HR,102772,17/12/2023,27,Average,New York
E1467,Jeffrey Mason,56,HR,110739,18/01/2024,13,Average,Chicago
E1468,Kristen Barnes,23,Marketing,94252,27/05/2023,27,Poor,San Francisco
E1469,Zachary Smith,29,Finance,86175,06/02/2018,36,Poor,New York
E1470,Kathryn Wagner,47,Sales,109367,06/02/2017,27,Good,Los Angeles
E1471,Antonio Saunders,58,Finance,60693,20/02/2020,11,Average,Houston
E1472,Kristen Sanders,29,Sales,31551,21/04/2017,3,Good,Los Angeles
E1473,Kim Kaufman,34,IT,102820,02/07/2016,6,Excellent,New York
E1474,Kyle Patterson,41,Marketing,38699,01/11/2017,25,Good,San Francisco
E1475,Rebecca Fowler,46,Marketing,104044,24/05/2024,23,Average,Los Angeles
E1476,Melissa Guzman,27,Marketing,119107,26/11/2018,10,Excellent,Chicago
E1477,Emily Smith,44,IT,34813,14/01/2021,3,Poor,New York
E1478,John Morgan,50,Sales,73877,12/03/2016,18,Excellent,New York
E1479,Melissa Mullins,41,Marketing,113531,08/09/2024,30,Poor,Houston
E1480,Frank Luna,45,Operations,33193,03/11/2023,30,Excellent,Chicago
E1481,Lawrence Williams,56,Sales,101302,26/10/2020,28,Excellent,San Francisco
E1482,Jose Duran,27,HR,35543,21/06/2015,28,Excellent,San Francisco
E1483,Jessica Hoffman,23,HR,51810,31/03/2015,7,Excellent,Los Angeles
E1484,Anthony Crane,33,IT,78310,13/12/2017,5,Poor,Los Angeles
E1485,Samuel Moss,45,HR,110212,13/01/2016,12,Good,Los Angeles
E1486,Edward Rodriguez DDS,50,Sales,32147,19/03/2016,36,Good,Houston
E1487,Anna Smith,38,HR,105441,12/09/2022,5,Excellent,Houston
E1488,Laura Brown,53,IT,30739,20/06/2022,28,Excellent,Houston
E1489,Alexis Lowe,40,Sales,114921,01/12/2018,12,Excellent,Houston
E1490,Christina Richardson,22,Operations,67906,05/03/2019,24,Excellent,New York
E1491,Destiny Johnson,58,IT,106833,08/08/2015,18,Excellent,Los Angeles
E1492,Angelica Ramirez,58,Operations,35548,14/02/2023,16,Poor,Houston
E1493,Sarah Harris,55,Marketing,76856,15/05/2018,7,Good,Houston
E1494,James Williams,58,HR,40533,17/09/2024,5,Good,Chicago
E1495,Scott Cruz,48,Sales,68417,09/05/2021,10,Excellent,Los Angeles
E1496,Mr. Jimmy Wallace,48,HR,66587,12/01/2017,9,Poor,San Francisco
E1497,Amy Barnes,43,HR,114700,07/12/2023,20,Poor,Los Angeles
E1498,Ryan James,43,IT,32196,31/07/2019,36,Average,San Francisco
E1499,Drew Harris,47,Operations,110721,22/11/2023,16,Poor,New York
E1500,Linda Robinson,43,IT,57391,31/12/2024,6,Good,New York
E1501,Christina Myers,52,Marketing,69200,02/12/2017,29,Excellent,Chicago
E1502,Jonathan Davis,46,Sales,115792,07/01/2017,39,Average,Los Angeles
E1503,Shane Marshall,56,Finance,81381,20/03/2020,5,Excellent,San Francisco
E1504,Benjamin Green,25,Operations,86283,11/02/2020,25,Good,Chicago
E1505,Mrs. Donna Cooper,58,IT,42184,09/11/2015,3,Excellent,Houston
E1506,Andrew Barnes,29,HR,78634,13/02/2018,26,Excellent,San Francisco
E1507,Scott Simpson,42,Operations,103841,24/09/2023,8,Poor,New York
E1508,Linda Cunningham,34,Operations,37848,20/10/2015,11,Excellent,Los Angeles
E1509,Trevor Young,44,Marketing,31002,24/03/2024,14,Good,Houston
E1510,Stephanie Porter,54,Finance,84051,26/01/2022,36,Excellent,Chicago
E1511,Jessica Miller,34,Marketing,75692,28/10/2017,5,Good,Los Angeles
E1512,Taylor Gutierrez,36,Sales,83891,13/09/2016,35,Average,Chicago
E1513,Julie Kelly,23,IT,71121,20/09/2015,36,Excellent,Chicago
E1514,Lauren Vargas,48,HR,51259,13/03/2021,29,Poor,Chicago
E1515,David Johnson,53,Sales,74860,18/11/2023,31,Good,New York
E1516,Ann Erickson,35,HR,40658,23/03/2017,3,Poor,Chicago
E1517,Carrie Park,47,Marketing,48777,18/05/2022,11,Poor,New York
E1518,Megan King,28,HR,69715,01/11/2015,20,Poor,Chicago
E1519,Angela Payne,26,Marketing,108306,02/12/2017,19,Poor,Houston
E1520,Olivia Clarke,23,Sales,89520,13/01/2017,34,Average,San Francisco
E1521,Lisa Wells,26,Marketing,36443,12/05/2024,20,Poor,Chicago
E1522,Tracy Porter,33,Finance,61923,26/08/2020,18,Average,San Francisco
E1523,Emma Jordan,50,IT,52482,20/09/2021,3,Good,Chicago
E1524,Brianna Hernandez,56,IT,87102,01/06/2017,18,Excellent,New York
E1525,Katelyn Meyer,43,Finance,90626,06/09/2017,23,Average,Houston
E1526,David Carr,49,Finance,71080,20/09/2018,33,Good,San Francisco
E1527,Elizabeth Walker,30,HR,61761,20/10/2024,8,Excellent,Chicago
E1528,Trevor Heath,58,HR,81111,26/09/2022,3,Average,San Francisco
E1529,Amanda Hayes,31,Marketing,37773,10/02/2022,24,Average,New York
E1530,Larry Best,60,Sales,83341,22/02/2016,5,Poor,Chicago
E1531,Michelle Smith,23,Sales,89523,16/01/2017,18,Good,Houston
E1532,Mary Bailey,35,Operations,45808,03/02/2019,15,Good,Houston
E1533,Ashley Ballard,28,HR,116106,20/12/2021,23,Good,Los Angeles
E1534,Mark Perry,32,IT,90720,17/02/2018,5,Excellent,Houston
E1535,Kyle Deleon,37,IT,68980,16/07/2022,17,Average,New York
E1536,Geoffrey Gonzales,35,HR,117411,24/07/2022,17,Excellent,New York
E1537,Mark Jensen,44,HR,77809,14/08/2018,17,Poor,Houston
E1538,Kathy King,49,Finance,117223,07/12/2015,25,Average,Chicago
E1539,Cameron King,41,Operations,56989,15/12/2018,31,Excellent,Houston
E1540,Margaret Hall,53,Finance,103889,23/01/2023,37,Poor,New York
E1541,Angela Martinez,33,Sales,57266,01/06/2023,11,Excellent,Houston
E1542,Alicia Mccarty,22,Marketing,96120,30/12/2016,33,Poor,Los Angeles
E1543,Robin Walton,45,Marketing,32428,15/12/2021,4,Poor,New York
E1544,Patricia Brown,50,Sales,76569,26/01/2021,5,Good,Los Angeles
E1545,James Jones,42,IT,112429,06/03/2019,14,Poor,New York
E1546,Brandon Smith,47,HR,87217,06/08/2021,15,Good,New York
E1547,Jessica Obrien,53,HR,38606,13/11/2019,11,Excellent,Los Angeles
E1548,Gary Blackburn,48,IT,78784,22/02/2021,33,Good,New York
E1549,Jeffrey Blake,57,Operations,108882,14/06/2018,13,Average,San Francisco
E1550,Megan Larson,47,Marketing,99373,17/08/2016,8,Excellent,Houston
E1551,Kevin Contreras,58,Operations,107262,10/05/2020,39,Poor,Los Angeles
E1552,Rebecca Munoz,49,Finance,103081,18/12/2023,20,Average,Chicago
E1553,Erin Vance,29,IT,102324,08/05/2024,20,Excellent,Chicago
E1554,Stephanie Beck,52,Marketing,86562,02/09/2017,19,Good,Los Angeles
E1555,Vincent Murphy,44,Operations,45839,10/01/2021,33,Excellent,San Francisco
E1556,Sydney Terry,47,Marketing,48851,26/04/2020,1,Excellent,Houston
E1557,Walter Brown,57,Sales,100101,19/04/2019,39,Excellent,New York
E1558,Barbara Sanders,51,Marketing,55084,09/12/2023,9,Average,San Francisco
E1559,Rebecca Fitzpatrick,27,HR,118798,08/02/2018,11,Good,New York
E1560,Gabriel Thompson,29,Finance,119181,22/12/2020,13,Good,Chicago
E1561,Stanley Osborn,32,Operations,57072,14/02/2016,14,Excellent,Chicago
E1562,Tina Hansen,58,Operations,73626,06/12/2024,29,Good,San Francisco
E1563,Barbara Gibson,35,Operations,98171,20/06/2016,20,Average,New York
E1564,Michael Valdez,26,HR,71189,11/07/2016,35,Poor,New York
E1565,Deanna Perez,51,HR,84024,18/07/2023,16,Poor,Los Angeles
E1566,Heather Ortiz,23,Sales,117198,09/04/2023,32,Poor,New York
E1567,Jamie Olson,36,HR,104041,02/05/2023,39,Good,Chicago
E1568,Joseph Clark,34,IT,54533,22/04/2019,40,Poor,Los Angeles
E1569,Rhonda Holmes,55,IT,89532,21/01/2020,15,Average,New York
E1570,Melissa Perez,47,Sales,102613,31/01/2022,24,Excellent,San Francisco
E1571,Edward Davila,57,Finance,81318,12/08/2021,33,Good,Chicago
E1572,Suzanne Hernandez,54,Operations,119093,15/09/2018,1,Poor,Los Angeles
E1573,Melinda Evans,51,Marketing,56640,04/10/2022,25,Poor,New York
E1574,Chelsea Stone,23,HR,38891,14/12/2022,21,Good,Los Angeles
E1575,Michael Bennett,52,HR,101148,03/03/2022,30,Excellent,New York
E1576,Ricardo Hunt,36,Finance,47839,23/02/2023,20,Excellent,Los Angeles
E1577,Caleb Wood,23,Sales,43558,18/12/2016,13,Poor,Houston
E1578,Steven Booker,32,HR,54671,26/06/2019,9,Poor,Chicago
E1579,Jorge Reynolds,57,Marketing,62301,09/04/2020,10,Good,New York
E1580,Brianna Hickman,36,IT,62098,09/04/2016,18,Average,Los Angeles
E1581,Melissa Mcpherson,27,Sales,81983,03/08/2015,38,Poor,New York
E1582,Shannon Russell,44,Marketing,61339,17/07/2016,5,Average,Los Angeles
E1583,Marcus Avila,23,HR,72450,18/06/2016,1,Average,Chicago
E1584,Marissa Nelson,52,Finance,87427,29/12/2015,5,Good,New York
E1585,Michelle Williams,40,IT,62189,07/06/2023,26,Excellent,Chicago
E1586,Erin Anderson,35,Operations,44465,08/03/2022,12,Poor,San Francisco
E1587,Jill Bennett,55,HR,87614,27/09/2024,4,Good,Los Angeles
E1588,Douglas Ray,31,IT,63685,23/12/2023,4,Poor,San Francisco
E1589,Stephen Todd,39,HR,92091,11/12/2023,8,Average,Los Angeles
E1590,Maria Fernandez,59,Operations,96289,21/09/2023,16,Good,New York
E1591,Heather Navarro,43,Marketing,100202,25/09/2023,33,Average,Houston
E1592,Maurice Myers,30,HR,48686,29/11/2024,25,Excellent,Chicago
E1593,Michael Key,31,HR,111536,17/02/2023,31,Poor,San Francisco
E1594,Jacob Dixon,39,HR,48682,12/09/2020,34,Good,Houston
E1595,Kim Miller,27,Marketing,78006,11/10/2024,3,Excellent,San Francisco
E1596,Christina Mcdonald,35,IT,64427,31/01/2019,26,Excellent,Los Angeles
E1597,Joseph Ford,28,HR,106401,14/03/2021,13,Good,Los Angeles
E1598,Erica Santos,39,Marketing,48597,29/03/2022,18,Excellent,Houston
E1599,Lisa Anderson,41,Marketing,100352,16/05/2022,3,Good,Chicago
E1600,Clayton Love,56,Sales,68846,25/04/2015,4,Average,New York
E1601,Samuel Mccullough,50,Operations,117645,08/03/2024,13,Excellent,San Francisco
E1602,Jacob Love,37,Marketing,85128,17/12/2019,33,Poor,New York
E1603,Carolyn Mccullough,44,Marketing,104155,08/05/2022,23,Poor,Chicago
E1604,Christian Lopez,43,IT,80601,14/04/2021,22,Excellent,Los Angeles
E1605,Andrew Gray,28,Operations,82785,19/08/2018,14,Good,San Francisco
E1606,Robin Morris,56,HR,103185,19/02/2025,40,Good,Houston
E1607,Amanda Rowe,51,HR,87541,25/07/2020,14,Good,San Francisco
E1608,Kevin Morrow,23,Sales,52857,17/10/2019,35,Good,Los Angeles
E1609,Cynthia Stevens,55,HR,45624,22/06/2023,40,Poor,Los Angeles
E1610,Rachel Wong,34,Marketing,97185,17/04/2023,15,Poor,Houston
E1611,Lindsey Ray,39,Operations,116228,13/02/2023,19,Excellent,Chicago
E1612,Stephanie Alvarez,26,Finance,30772,09/01/2021,27,Excellent,New York
E1613,Danielle Wilkinson,53,IT,82465,06/02/2022,12,Average,Chicago
E1614,Mr. Mitchell Daniel,59,Sales,92791,01/06/2022,18,Excellent,Houston
E1615,William Lang,28,Operations,113613,13/06/2018,32,Poor,Los Angeles
E1616,Daniel Hayes,59,Finance,106787,18/10/2024,17,Excellent,Houston
E1617,Vincent Bell,40,Operations,116393,18/01/2025,38,Poor,San Francisco
E1618,Michael Evans,43,Operations,61194,14/03/2017,8,Average,San Francisco
E1619,Melody Burke,38,Sales,30845,10/04/2018,34,Excellent,New York
E1620,Jeffrey Hopkins,44,Operations,63901,29/10/2019,1,Good,Los Angeles
E1621,Jeffrey Johnson,51,Sales,72326,15/01/2019,37,Poor,Houston
E1622,Joanna Gallagher,60,Sales,55911,02/08/2018,16,Poor,New York
E1623,Ruth Ward,53,Operations,42297,07/04/2023,28,Excellent,Los Angeles
E1624,Todd Wilson,34,Operations,86144,06/04/2023,25,Excellent,New York
E1625,Heather Trujillo,37,IT,93057,21/08/2024,32,Excellent,Houston
E1626,Dominic Rivera,52,Marketing,103231,22/07/2016,31,Excellent,Chicago
E1627,Gary Greer,31,Marketing,33396,11/06/2021,19,Poor,Chicago
E1628,Michael Spears,58,Sales,67462,09/11/2024,37,Average,Houston
E1629,Lorraine Ramirez,60,IT,83343,23/03/2019,11,Excellent,New York
E1630,Tamara Washington,32,Operations,30553,08/08/2024,21,Excellent,Los Angeles
E1631,Paul Garcia,35,Finance,63677,02/12/2023,32,Average,Chicago
E1632,Michele Wilson,42,Finance,95405,06/01/2023,18,Average,San Francisco
E1633,Julie Gibson,24,Sales,111331,17/06/2018,6,Excellent,San Francisco
E1634,Dawn Rowland,36,Marketing,32708,15/09/2021,27,Good,Los Angeles
E1635,Phillip Shaffer,28,HR,112068,12/06/2023,36,Average,Houston
E1636,Isabel Castillo,48,HR,48282,07/11/2019,11,Excellent,Chicago
E1637,Christina Leonard,55,Marketing,105988,08/09/2017,40,Excellent,Los Angeles
E1638,Susan Anderson,47,HR,58757,11/01/2018,38,Good,San Francisco
E1639,Dana Bailey,59,Sales,110590,17/11/2017,5,Excellent,Chicago
E1640,Derek Blake,39,Operations,30057,10/08/2024,33,Excellent,San Francisco
E1641,Javier Johnson,51,Operations,50427,15/07/2023,15,Average,New York
E1642,Tyler Ward,24,Sales,78005,31/05/2022,6,Average,Houston
E1643,Dennis Brown,29,Marketing,99284,03/03/2021,18,Excellent,Los Angeles
E1644,Melissa Dean,42,HR,54811,28/10/2022,15,Good,Chicago
E1645,Claire Jones,35,Finance,86260,22/10/2024,29,Average,Los Angeles
E1646,Katie Mcgee,28,Operations,55812,17/01/2016,38,Good,Houston
E1647,Cynthia Myers,51,Sales,95776,10/10/2018,26,Excellent,San Francisco
E1648,Sarah Garcia,36,Marketing,50505,23/04/2020,34,Excellent,New York
E1649,Samuel Garrett,29,IT,103324,04/04/2016,34,Poor,Los Angeles
E1650,Molly Strickland,34,Marketing,115345,15/12/2015,32,Average,Houston
E1651,Amy Harris,37,Operations,116780,30/08/2019,15,Average,Chicago
E1652,Gregory Perry,33,Marketing,85641,20/10/2020,31,Good,Chicago
E1653,Stephanie Mccoy,51,IT,86726,30/08/2022,28,Poor,Chicago
E1654,Henry Smith,38,Operations,36804,20/03/2023,9,Average,Chicago
E1655,Beverly Olsen,42,Finance,35050,28/04/2020,9,Poor,Chicago
E1656,Elizabeth Hall,23,IT,70491,19/03/2017,11,Poor,New York
E1657,Paul Johnson,59,Marketing,97669,27/05/2022,38,Poor,Chicago
E1658,Steve Logan,55,Marketing,104492,27/06/2019,17,Average,San Francisco
E1659,Eric Alexander,29,HR,61104,19/11/2016,2,Good,San Francisco
E1660,Maria Velazquez,49,Finance,60507,04/03/2020,12,Good,Chicago
E1661,Dean Barton,42,HR,101286,19/07/2015,10,Average,Houston
E1662,Ashley Hernandez,47,Sales,69627,09/07/2020,17,Average,Chicago
E1663,Michael Phillips,41,Finance,36948,15/05/2017,2,Average,Houston
E1664,Claudia Barrett,22,Sales,44982,19/09/2020,1,Good,Los Angeles
E1665,Rachel Patterson,35,Sales,68740,30/09/2022,15,Poor,New York
E1666,Denise Bailey,28,Sales,91904,17/04/2018,22,Poor,Los Angeles
E1667,Elizabeth Taylor,29,Operations,34381,26/05/2020,33,Average,New York
E1668,Christine Morris,41,HR,62252,12/10/2022,30,Poor,San Francisco
E1669,Andrea Gross,22,Finance,103267,01/09/2016,7,Average,Los Angeles
E1670,Stacy Adams,44,Operations,111273,21/07/2017,16,Average,New York
E1671,John Scott,24,HR,75893,27/08/2017,5,Average,Chicago
E1672,Michael Williams,59,IT,45127,05/11/2018,22,Average,New York
E1673,Diane Watson,43,IT,92498,30/08/2023,7,Excellent,Chicago
E1674,Loretta Garcia,42,Operations,91183,25/02/2020,9,Good,San Francisco
E1675,Barbara Vasquez,31,Marketing,51414,12/06/2020,4,Excellent,Houston
E1676,Charles Jones,31,Finance,116243,22/02/2019,4,Good,Houston
E1677,Marie Thompson,24,Operations,96418,14/05/2024,27,Poor,Los Angeles
E1678,Daniel Pace,45,Operations,59387,16/04/2016,29,Average,Los Angeles
E1679,Austin Hawkins,45,Finance,97660,17/03/2017,38,Good,San Francisco
E1680,Troy Bell,41,Marketing,116284,24/06/2018,2,Good,San Francisco
E1681,Julia Miller,32,Marketing,74011,21/01/2019,33,Poor,Los Angeles
E1682,Taylor Thomas,31,Operations,84827,08/11/2022,2,Excellent,San Francisco
E1683,Beth Moody,58,Marketing,72337,10/05/2023,14,Excellent,Los Angeles
E1684,Eddie Coleman,24,Sales,32699,15/02/2019,31,Good,Houston
E1685,Jacob Moody,59,Finance,49134,26/02/2025,8,Excellent,Chicago
E1686,Jill Rodriguez,22,Operations,55426,14/07/2022,9,Good,Los Angeles
E1687,Kevin Stevenson,30,Marketing,71618,21/12/2024,18,Good,San Francisco
E1688,Karen Warren,31,Sales,36254,23/03/2016,16,Excellent,Chicago
E1689,Adrienne Johnson,35,Finance,53434,26/11/2024,1,Poor,New York
E1690,Mary Campos,45,IT,101958,06/05/2016,39,Excellent,San Francisco
E1691,Donna Gould,35,Finance,62798,06/03/2016,11,Good,Los Angeles
E1692,Tammy Carter,51,IT,45325,01/09/2022,24,Average,Los Angeles
E1693,Timothy Reed,30,Marketing,41194,14/12/2019,20,Good,Los Angeles
E1694,Kenneth Sparks,28,HR,70567,12/11/2021,2,Poor,Los Angeles
E1695,Jason Elliott,24,Marketing,109866,28/06/2024,32,Average,Los Angeles
E1696,Richard Payne,51,Sales,55980,05/05/2018,6,Poor,Chicago
E1697,Robert Brown,29,Finance,49630,07/04/2023,25,Poor,Chicago
E1698,Mrs. Emily Ritter MD,52,Operations,80578,25/03/2019,2,Good,New York
E1699,Joshua Sanchez,33,HR,44092,14/12/2016,2,Poor,Houston
E1700,Lindsey Miller,45,HR,90059,12/10/2019,7,Average,New York
E1701,Rebecca Nicholson,58,IT,55341,12/05/2015,30,Average,Houston
E1702,Nicole Flores,47,Operations,47357,07/11/2016,30,Excellent,San Francisco
E1703,Derek Olson,55,Sales,106592,07/06/2015,20,Poor,New York
E1704,Erin Brown,24,HR,76236,21/10/2022,30,Average,Houston
E1705,Amber Cunningham,42,Marketing,78530,23/07/2024,13,Good,Chicago
E1706,Gavin Cole,45,Operations,69541,14/05/2016,3,Excellent,San Francisco
E1707,Lisa Shaw,31,IT,32698,06/07/2017,26,Average,Houston
E1708,Laura Adkins,56,HR,42397,09/04/2020,37,Good,Houston
E1709,Darryl Bennett,49,HR,101812,26/05/2020,21,Good,Los Angeles
E1710,Christine Miller,37,Sales,69555,19/11/2017,38,Poor,New York
E1711,Daniel Miller,33,Marketing,54240,06/04/2015,24,Average,Chicago
E1712,Brittany Short,59,HR,54264,18/09/2015,12,Average,Houston
E1713,Lisa Jones,29,HR,116731,03/08/2018,9,Poor,Houston
E1714,Patrick Shaffer,44,IT,35732,17/05/2024,6,Good,Houston
E1715,Jennifer Andrews,30,Sales,31764,07/09/2024,7,Average,New York
E1716,Rebecca Burgess,49,Marketing,91340,13/05/2017,13,Good,Los Angeles
E1717,Jeffery Andrews,57,Sales,42436,19/10/2024,34,Poor,Chicago
E1718,Lisa Brock,42,Marketing,99144,22/06/2019,13,Excellent,Chicago
E1719,Christina Delgado,57,Finance,45838,04/09/2020,16,Poor,New York
E1720,Gabriel Conway,24,Sales,68681,01/04/2024,16,Average,Houston
E1721,Mr. Douglas Anderson,52,Finance,102136,20/01/2025,23,Good,San Francisco
E1722,Cynthia Torres,33,Marketing,104850,07/07/2023,27,Good,Los Angeles
E1723,Erica Fields,51,HR,61143,01/03/2016,4,Poor,Los Angeles
E1724,Edwin Perez,59,Operations,68038,23/09/2015,11,Excellent,Chicago
E1725,Tommy Myers,34,HR,119236,18/08/2024,38,Average,San Francisco
E1726,Tonya Jones,59,Finance,32525,01/07/2019,19,Good,Chicago
E1727,Christine Harris,40,Operations,77625,30/07/2024,36,Poor,Chicago
E1728,Jack George,40,Sales,89216,20/09/2015,25,Good,New York
E1729,Mr. Andrew Chavez,42,Sales,118469,04/10/2017,1,Average,San Francisco
E1730,Lori Cole,53,Operations,44776,02/04/2022,36,Poor,Chicago
E1731,Jessica Bowman,29,IT,96714,24/02/2022,27,Poor,Chicago
E1732,Norma Steele,37,IT,34978,26/12/2024,38,Excellent,Chicago
E1733,Sara Jimenez,23,HR,103164,18/12/2017,17,Average,San Francisco
E1734,Megan Bradford,23,HR,34465,21/01/2016,25,Poor,San Francisco
E1735,Richard Harris,28,IT,77328,29/10/2017,33,Poor,Los Angeles
E1736,Mr. Timothy Kline,25,Marketing,81543,18/01/2022,32,Excellent,Los Angeles
E1737,Brandon Deleon,40,Sales,58113,13/03/2024,33,Excellent,Houston
E1738,James Ferguson,40,Sales,33272,02/03/2022,25,Poor,San Francisco
E1739,Lisa Brandt,37,Marketing,116277,23/03/2017,10,Good,Los Angeles
E1740,Dawn Fitzgerald,60,Sales,68343,25/12/2022,23,Average,San Francisco
E1741,Philip Johnson,45,IT,106214,05/04/2021,31,Excellent,San Francisco
E1742,Sarah Kim,28,Operations,87423,25/03/2025,2,Good,Chicago
E1743,Elizabeth Smith,31,Sales,33539,16/04/2023,5,Good,Los Angeles
E1744,Jessica Howard,38,IT,88012,05/03/2018,35,Average,New York
E1745,Melissa Dorsey,56,Operations,60531,11/04/2017,22,Excellent,New York
E1746,Austin Mcdonald,59,Operations,61420,29/11/2017,11,Poor,Houston
E1747,Andrew Erickson,33,HR,50508,10/12/2015,11,Excellent,Chicago
E1748,Donald Hammond,60,HR,76316,02/10/2016,16,Good,Los Angeles
E1749,Paul Barker,52,Finance,39796,27/10/2021,32,Good,Los Angeles
E1750,Nicholas Clark,39,Finance,78580,02/02/2020,15,Good,Houston
E1751,Kayla Kennedy,41,IT,113956,15/08/2022,35,Average,Los Angeles
E1752,David Clark,58,Sales,60962,19/06/2015,26,Poor,Los Angeles
E1753,Olivia Burns,50,HR,50370,13/01/2017,25,Good,Houston
E1754,Danielle Hill,42,Marketing,98245,25/07/2016,21,Average,Chicago
E1755,Chad Young,33,IT,109085,09/08/2015,23,Good,Chicago
E1756,Sara Butler,41,HR,76280,16/09/2023,9,Excellent,Houston
E1757,Meagan Wilcox,32,IT,66850,07/11/2023,16,Excellent,Chicago
E1758,Lawrence Franklin,41,Finance,106159,30/07/2017,19,Good,New York
E1759,Vincent Buchanan,36,IT,37776,04/04/2016,7,Average,Houston
E1760,Bobby Johnson,27,HR,52395,07/08/2024,20,Good,Chicago
E1761,Jennifer Rodriguez,43,Operations,57810,09/06/2024,2,Average,San Francisco
E1762,Mark Fuentes,43,Marketing,72088,04/05/2023,35,Average,Houston
E1763,Jonathan Hartman,34,IT,91477,18/03/2023,34,Good,San Francisco
E1764,Cody King,44,Finance,102534,19/08/2021,11,Average,Houston
E1765,Stephanie Ritter,48,Finance,115432,23/03/2024,18,Average,Chicago
E1766,Kelly Wright,25,HR,60531,07/10/2024,34,Excellent,New York
E1767,Sheri Carroll,43,Finance,106914,22/04/2020,2,Average,Los Angeles
E1768,Mr. Kenneth Leach,58,Finance,119387,11/01/2016,8,Excellent,San Francisco
E1769,Krista Stewart MD,55,Operations,43611,22/06/2017,27,Good,San Francisco
E1770,Zachary Morris,28,Marketing,45486,10/02/2024,27,Good,New York
E1771,Brittany Brown,41,Operations,46123,27/10/2021,1,Excellent,Los Angeles
E1772,Tracy Montgomery,25,Finance,111877,31/01/2017,4,Average,New York
E1773,Richard Maddox,43,HR,60798,19/07/2017,20,Average,New York
E1774,Zachary Morrison,23,Marketing,60253,15/02/2024,7,Average,San Francisco
E1775,Christopher Sullivan,40,HR,66134,09/08/2022,40,Average,San Francisco
E1776,Terry Edwards,50,IT,109489,27/12/2022,22,Poor,New York
E1777,Christina Allen,51,Operations,67590,05/06/2022,9,Poor,Los Angeles
E1778,Charles Gomez,36,IT,73079,13/05/2021,35,Poor,Los Angeles
E1779,Sean Mcmahon DVM,38,Finance,104624,26/07/2018,38,Average,Los Angeles
E1780,Charlene Evans,39,Finance,61451,02/02/2025,2,Average,New York
E1781,Robert Snyder,31,Sales,67782,02/05/2024,19,Good,Houston
E1782,Alexandra Thomas,43,Marketing,69022,19/12/2021,20,Average,New York
E1783,Zachary Valencia,22,HR,118690,27/04/2015,39,Good,New York
E1784,Arthur Washington,27,IT,56370,11/06/2018,21,Average,Los Angeles
E1785,Jonathan Williams,39,Operations,75499,27/04/2017,10,Good,New York
E1786,Craig Hebert,43,Finance,69806,03/01/2024,6,Good,Chicago
E1787,Todd Wolf,59,Sales,115945,05/03/2022,6,Excellent,New York
E1788,Raymond Welch,53,Operations,30101,02/11/2016,18,Good,New York
E1789,Thomas Frey,38,Marketing,95083,02/05/2023,15,Excellent,New York
E1790,Javier Robertson,51,IT,76109,22/06/2018,35,Poor,Chicago
E1791,Michael Grimes,31,HR,94591,18/01/2021,35,Average,New York
E1792,Hannah Young,22,IT,68045,02/06/2018,8,Average,Los Angeles
E1793,Cynthia Mccoy,28,IT,73838,18/10/2017,9,Good,Chicago
E1794,Lori Flowers,50,Operations,62952,10/04/2015,33,Good,Houston
E1795,Willie Parker,56,IT,70033,22/03/2021,37,Good,New York
E1796,Cynthia Williams,49,Marketing,109486,27/09/2018,2,Poor,Los Angeles
E1797,Arthur Newman,35,IT,81388,02/03/2018,40,Poor,Chicago
E1798,Stacy Ramirez,39,IT,73940,16/12/2022,35,Good,New York
E1799,Scott Lindsey,42,Marketing,54861,15/11/2018,1,Average,Los Angeles
E1800,Paula Cooley,27,HR,40095,25/10/2022,33,Good,Houston
E1801,Christian Stafford,53,Finance,74248,26/03/2020,16,Good,Chicago
E1802,David Arias,25,HR,63400,13/05/2021,6,Excellent,Chicago
E1803,Jesse Shah,42,Sales,46194,06/10/2020,10,Good,New York
E1804,Michael Ball,48,Sales,47975,16/02/2023,34,Poor,New York
E1805,Kelsey Edwards,41,IT,109929,20/04/2022,10,Average,New York
E1806,Megan Hughes,29,Marketing,55317,25/10/2016,24,Excellent,Houston
E1807,Kaitlyn Wilson,27,HR,65523,30/06/2024,9,Excellent,Los Angeles
E1808,Daniel Hoffman,30,Finance,36240,23/10/2020,7,Good,Chicago
E1809,Taylor Krueger,26,HR,86536,18/08/2019,33,Poor,Chicago
E1810,Vanessa Thomas,41,HR,51496,23/12/2022,36,Poor,New York
E1811,Brendan Brown DVM,34,Finance,43273,13/09/2017,6,Poor,San Francisco
E1812,Mandy Bennett,36,IT,55139,07/03/2018,23,Excellent,New York
E1813,Brent Flowers,45,HR,104143,12/12/2016,37,Good,Los Angeles
E1814,Mr. Brad Barton,59,Finance,93124,13/05/2015,20,Good,Los Angeles
E1815,Jesse Johnson,54,Sales,110924,04/01/2024,3,Average,Los Angeles
E1816,Craig Nguyen,23,Operations,88806,26/01/2021,24,Average,Los Angeles
E1817,Erik Green MD,27,Operations,63686,28/07/2018,29,Good,Houston
E1818,Jessica Cook,44,Operations,80479,12/04/2023,4,Excellent,San Francisco
E1819,Sherry Arellano,51,Sales,64809,25/11/2015,4,Excellent,Los Angeles
E1820,Laura Ellis,23,Sales,38013,18/06/2021,11,Good,San Francisco
E1821,Mary Owen,56,Finance,49473,07/10/2024,23,Good,Chicago
E1822,Paula Brown,31,Marketing,41361,10/10/2018,2,Good,San Francisco
E1823,Sherry Kerr,48,Marketing,116799,20/07/2017,30,Average,Los Angeles
E1824,Mark Lee,51,Operations,56807,20/05/2022,3,Poor,Los Angeles
E1825,Lauren Baker,51,Sales,49543,22/09/2019,22,Poor,New York
E1826,Brian Harris,43,Finance,106413,15/03/2016,15,Poor,Houston
E1827,Michael Hernandez,22,IT,85983,20/03/2019,36,Poor,Chicago
E1828,William Boone,41,Sales,30883,11/02/2021,13,Poor,San Francisco
E1829,Lisa Oconnor,44,HR,90109,28/02/2023,9,Good,Houston
E1830,Sarah Keith,48,HR,57016,25/06/2023,22,Poor,Houston
E1831,Jennifer Williams,47,Marketing,72789,14/08/2015,6,Poor,Chicago
E1832,Michael Church,46,Sales,40474,24/06/2021,31,Poor,Chicago
E1833,Joseph Dawson,50,Finance,111061,03/12/2017,21,Poor,New York
E1834,Adrian Gilbert,58,IT,76540,28/02/2019,18,Average,Los Angeles
E1835,Cameron Torres,24,HR,98409,29/03/2023,36,Good,Houston
E1836,Elizabeth Miller,34,Sales,105236,10/08/2024,35,Poor,Houston
E1837,Rebecca Rodriguez,29,Finance,48558,01/02/2024,23,Excellent,San Francisco
E1838,Stacy Moss,51,IT,85425,30/05/2023,26,Good,Houston
E1839,Anne Turner,51,Finance,100978,20/04/2017,28,Poor,Chicago
E1840,Heather Barajas,33,Operations,45131,10/03/2021,8,Good,Los Angeles
E1841,Tiffany Avila,46,HR,62432,03/10/2018,21,Average,San Francisco
E1842,Matthew Mendoza,45,IT,76446,10/01/2020,24,Excellent,Houston
E1843,Angela Christian,39,Marketing,112348,06/12/2022,18,Good,New York
E1844,Sandra Swanson,42,IT,102589,18/06/2015,31,Excellent,Chicago
E1845,James Rivas,56,Finance,48689,03/10/2017,36,Average,Houston
E1846,Robert Kelly,47,Operations,49555,17/11/2018,8,Average,San Francisco
E1847,Amber Thompson,43,Finance,104796,06/06/2016,27,Poor,New York
E1848,Roy Sellers,31,Operations,74822,12/07/2021,4,Excellent,San Francisco
E1849,Tara Schultz,44,HR,102768,01/12/2015,33,Excellent,Houston
E1850,Holly Cross,59,Operations,56228,01/10/2021,31,Average,Chicago
E1851,Natalie Rice,42,Sales,110018,14/04/2024,19,Excellent,Los Angeles
E1852,Eric Schmitt,32,HR,54164,21/05/2021,12,Average,Houston
E1853,Allison Brooks,57,Operations,69651,16/04/2022,31,Average,Houston
E1854,Jeffrey Davis,46,HR,50812,17/04/2023,27,Excellent,Los Angeles
E1855,Alex Anthony,24,HR,89980,18/05/2022,23,Good,San Francisco
E1856,Kayla Hudson,41,HR,56157,26/04/2015,37,Good,Chicago
E1857,Elizabeth Lawrence,53,Operations,115931,03/02/2024,12,Average,New York
E1858,John Miller,58,Sales,96689,22/09/2022,36,Poor,New York
E1859,Bobby Hanson,53,Marketing,107962,07/06/2020,19,Poor,Houston
E1860,Kathryn Anderson,42,HR,75628,07/03/2018,21,Good,San Francisco
E1861,Kelly Hendrix,55,IT,55592,21/10/2024,4,Poor,Chicago
E1862,Misty Mathews,36,Sales,97423,10/10/2017,19,Excellent,San Francisco
E1863,Samuel Cole,46,HR,104871,31/01/2016,22,Poor,New York
E1864,Anthony Logan,23,HR,106090,11/01/2021,31,Good,New York
E1865,Jared Thomas,27,Operations,47477,25/08/2016,21,Good,Chicago
E1866,Thomas Sutton,48,Marketing,81601,02/08/2024,5,Poor,Houston
E1867,Meghan Perez,59,Sales,33980,12/11/2017,32,Excellent,San Francisco
E1868,Jonathan Riley,36,Marketing,48490,01/11/2018,9,Excellent,Los Angeles
E1869,Charles Butler,33,Marketing,74911,17/08/2016,18,Good,New York
E1870,Jerry Cohen,52,HR,59893,16/09/2023,28,Good,Chicago
E1871,William Snyder,48,IT,69727,21/03/2018,25,Excellent,Houston
E1872,Miguel Stout,52,Marketing,71020,17/10/2018,9,Poor,Los Angeles
E1873,Adam Adkins,50,Marketing,72599,05/12/2019,39,Excellent,Chicago
E1874,Matthew Chambers,50,Operations,87504,02/08/2019,37,Average,Los Angeles
E1875,Emily Williams,56,Sales,45298,03/01/2022,3,Good,Los Angeles
E1876,Brian Anthony,48,Finance,100535,15/05/2022,36,Excellent,Houston
E1877,Angela Aguilar,50,Operations,67510,09/11/2023,9,Excellent,Houston
E1878,William Lee,40,Marketing,93486,06/09/2018,33,Good,Houston
E1879,Debbie Bates,45,Finance,115447,12/03/2018,7,Good,New York
E1880,Amy Wagner,33,Finance,71837,26/08/2022,18,Poor,San Francisco
E1881,Danielle Griffin,52,Marketing,30159,17/03/2019,29,Average,Chicago
E1882,Johnathan Rodriguez,41,IT,36078,16/01/2021,11,Excellent,Houston
E1883,William Douglas,25,Operations,67462,29/03/2024,21,Excellent,Los Angeles
E1884,Anna White,47,HR,96277,27/02/2017,35,Poor,New York
E1885,Keith Wilson,48,Operations,90160,23/05/2019,29,Poor,San Francisco
E1886,Derek Rose,30,HR,84281,24/07/2020,5,Average,San Francisco
E1887,Maria Valdez,60,Operations,76689,04/08/2022,33,Good,Los Angeles
E1888,Jennifer Turner,29,HR,88415,15/06/2021,13,Average,New York
E1889,Marissa Munoz,33,IT,111008,11/10/2021,39,Good,Los Angeles
E1890,Steven Andrade,22,Operations,86486,17/10/2020,29,Excellent,Los Angeles
E1891,Ricky Cain,29,Marketing,69810,20/10/2022,23,Excellent,San Francisco
E1892,Carmen Gordon,23,Operations,40996,20/05/2017,32,Excellent,Los Angeles
E1893,Jeff Ross,49,HR,110280,23/08/2020,25,Average,Los Angeles
E1894,Christina Trujillo,57,HR,63207,12/06/2023,19,Excellent,Chicago
E1895,Jack Castillo,50,IT,110679,30/08/2024,24,Excellent,Houston
E1896,Sarah Foster,50,Sales,93222,26/02/2021,33,Good,Los Angeles
E1897,Jason Taylor,45,Sales,97382,14/06/2024,38,Poor,Los Angeles
E1898,John Rodriguez,55,HR,31451,17/06/2018,38,Average,San Francisco
E1899,Joseph Bullock,30,Sales,83042,05/11/2022,7,Excellent,San Francisco
E1900,Kerry Johnson,44,Sales,93169,02/04/2016,9,Average,Chicago
E1901,Kevin Cox,52,HR,38475,25/12/2019,30,Good,Chicago
E1902,John Washington,37,Sales,59616,12/12/2015,32,Excellent,Chicago
E1903,John Sloan,32,Finance,51870,06/11/2017,33,Poor,Los Angeles
E1904,Marc Wilson,37,Marketing,82672,21/05/2018,39,Poor,San Francisco
E1905,Brenda Holmes,51,Finance,38289,20/03/2023,4,Excellent,Los Angeles
E1906,Daniel Davis,26,IT,105891,19/05/2024,14,Good,Chicago
E1907,Briana Henry,58,Marketing,47511,16/02/2020,38,Average,San Francisco
E1908,Amber Brown,58,HR,84559,08/10/2018,5,Average,San Francisco
E1909,Virginia Dunn,37,Marketing,74071,28/02/2023,27,Excellent,New York
E1910,Bridget Hanson,60,IT,50732,23/05/2024,2,Poor,Chicago
E1911,Kelsey Russell,35,Marketing,47311,08/05/2015,16,Poor,San Francisco
E1912,James Harding,35,Finance,78897,13/02/2025,12,Good,Los Angeles
E1913,Dr. Bonnie Williams,49,Sales,63840,20/05/2020,27,Excellent,Los Angeles
E1914,Mr. Robert Martinez,23,Finance,64772,28/11/2016,37,Excellent,Chicago
E1915,Kimberly Washington,39,Finance,108951,17/07/2017,40,Good,San Francisco
E1916,Rhonda Rogers,43,Operations,76126,01/02/2018,10,Good,New York
E1917,Jeremy Rodriguez,58,Operations,90702,29/02/2020,4,Poor,Houston
E1918,Courtney Johnson,30,HR,81480,14/01/2016,4,Good,Chicago
E1919,Chris Mejia,44,Sales,59548,14/11/2021,23,Poor,San Francisco
E1920,Amy Mccarty,25,IT,111998,23/02/2023,6,Poor,Los Angeles
E1921,Daniel Cook DDS,47,IT,76756,01/03/2019,17,Poor,San Francisco
E1922,David Olsen,47,IT,78190,13/02/2018,22,Average,Chicago
E1923,Jeffrey Reynolds,60,Operations,84079,29/09/2021,4,Poor,New York
E1924,Mrs. Shannon Scott,23,IT,60884,17/04/2024,1,Excellent,San Francisco
E1925,Philip Gray,55,HR,51375,22/11/2015,16,Excellent,New York
E1926,Laura Haney,36,HR,110246,11/10/2016,33,Excellent,Chicago
E1927,Patrick Clements,36,Marketing,113917,22/10/2016,39,Excellent,Los Angeles
E1928,Taylor Huber,30,Finance,64959,19/08/2021,13,Average,New York
E1929,Stephanie Mckinney,33,IT,92519,17/10/2019,16,Good,Houston
E1930,Denise Orozco,38,Sales,108810,12/09/2019,27,Poor,New York
E1931,Patricia Wagner,58,HR,68337,16/12/2023,1,Good,Houston
E1932,Edward Smith,28,Finance,88980,07/11/2018,25,Poor,San Francisco
E1933,Elizabeth Perry,31,IT,45898,25/02/2025,39,Poor,Los Angeles
E1934,Clinton Howell,33,IT,73916,20/05/2016,29,Average,Los Angeles
E1935,Kevin Patterson,47,IT,80089,31/10/2015,12,Poor,New York
E1936,Benjamin Harper,33,Marketing,36486,26/10/2023,8,Poor,Los Angeles
E1937,Michael Johnson,40,IT,63356,19/10/2023,13,Average,Houston
E1938,Julie Wells,59,IT,103282,25/08/2016,19,Excellent,San Francisco
E1939,Kyle Stephens,52,Finance,94574,13/10/2019,36,Excellent,Houston
E1940,Robert Gonzalez,30,IT,64648,20/07/2016,24,Excellent,Houston
E1941,Taylor Stanton,25,IT,52864,01/03/2017,15,Average,New York
E1942,Isabella Lewis,24,Finance,61221,06/04/2018,34,Poor,Chicago
E1943,Jessica Santiago,27,Marketing,50855,09/06/2019,36,Excellent,Houston
E1944,Melissa Ellis,33,Marketing,111841,05/08/2022,23,Excellent,New York
E1945,Charles Tyler,22,IT,87620,28/06/2024,38,Poor,Los Angeles
E1946,Anthony Greer,58,Finance,100340,26/05/2024,29,Average,Chicago
E1947,Jacob Morris,60,IT,99543,08/09/2016,24,Excellent,New York
E1948,Lauren Lopez,22,Sales,47297,25/10/2023,9,Poor,Houston
E1949,Katie Hamilton,27,Sales,38894,11/05/2018,34,Good,Los Angeles
E1950,Amanda Padilla,30,Operations,104348,10/09/2019,21,Good,Chicago
E1951,Jennifer Rice,44,Operations,45627,21/08/2023,27,Average,Chicago
E1952,Jason Khan,43,Sales,97222,31/03/2020,6,Good,Houston
E1953,Stephanie Graves,49,Sales,72711,19/08/2023,1,Poor,New York
E1954,Maurice Kirk,26,Marketing,92959,13/09/2023,12,Excellent,San Francisco
E1955,Mrs. Crystal Ross,23,HR,41634,29/11/2023,12,Average,Houston
E1956,Ashley Webb,34,Finance,31292,13/08/2021,4,Poor,Los Angeles
E1957,Mia Mueller,39,IT,35591,05/04/2018,26,Good,Chicago
E1958,Joshua Franklin,57,Finance,61783,22/04/2024,5,Excellent,New York
E1959,Mrs. Nicole Williams MD,52,HR,80708,19/12/2023,2,Average,Chicago
E1960,Jason Harris,54,Finance,111497,28/07/2020,27,Poor,Houston
E1961,Justin Morales,38,HR,93728,04/06/2022,7,Good,Chicago
E1962,Trevor Quinn,59,IT,55828,27/12/2017,12,Good,Chicago
E1963,Martin Dominguez,37,Operations,107528,17/04/2022,16,Excellent,San Francisco
E1964,Samantha Hill DDS,58,Marketing,60642,19/04/2016,28,Excellent,Houston
E1965,Seth Jones,29,IT,73981,05/07/2016,2,Good,San Francisco
E1966,Janet Stone,27,HR,82022,08/04/2017,8,Poor,San Francisco
E1967,Edward Murphy,24,HR,42967,27/03/2018,33,Average,San Francisco
E1968,Angela Cain,47,Marketing,105287,07/10/2023,36,Poor,Houston
E1969,John Newman,26,Marketing,37754,09/08/2024,8,Poor,San Francisco
E1970,Dwayne Patterson,49,HR,55323,11/10/2018,2,Poor,New York
E1971,Kelli Mcmillan,55,Marketing,41225,27/06/2018,20,Good,Houston
E1972,Yvette Hines,47,HR,103483,18/02/2020,14,Average,Los Angeles
E1973,Sandra Lee DDS,29,Operations,42704,30/09/2018,2,Poor,New York
E1974,Samantha Davis,57,HR,48142,27/07/2019,22,Average,Los Angeles
E1975,Anita Schmidt,59,HR,54684,30/06/2021,11,Poor,Houston
E1976,Thomas White,55,HR,112453,03/12/2021,20,Good,Los Angeles
E1977,Katrina Roberts,32,IT,103365,24/06/2018,39,Good,Chicago
E1978,Lauren Bailey,46,Sales,50838,24/11/2017,27,Good,Houston
E1979,Richard Fowler,48,Marketing,74223,21/04/2019,12,Good,New York
E1980,Sabrina Harris,22,HR,67354,29/06/2024,1,Poor,Chicago
E1981,Heidi Pierce,35,Operations,109025,21/04/2017,34,Average,Los Angeles
E1982,Martha Dunlap,26,HR,64632,05/02/2023,35,Poor,Chicago
E1983,Richard Padilla,46,IT,81780,02/10/2017,23,Poor,New York
E1984,Alicia Becker,40,HR,76573,10/04/2019,11,Poor,Los Angeles
E1985,Tyler Archer,33,Operations,72851,21/03/2021,35,Average,Los Angeles
E1986,Amy Ford,39,Operations,101815,31/01/2020,12,Average,Chicago
E1987,Daniel Martin,54,IT,104531,08/11/2022,9,Poor,Chicago
E1988,Amanda Green,49,IT,39855,04/05/2022,21,Poor,San Francisco
E1989,Jennifer Lawson,35,IT,92938,16/03/2020,23,Good,San Francisco
E1990,Angela Webb,35,Sales,34782,08/12/2023,6,Good,New York
E1991,Thomas Kirk,29,Marketing,74340,20/12/2015,18,Average,New York
E1992,Brian Gordon,31,Operations,89469,24/10/2023,26,Poor,San Francisco
E1993,Denise Hendricks,30,Marketing,40335,30/06/2015,24,Poor,Chicago
E1994,Christopher Hernandez,60,Operations,71733,18/08/2022,7,Excellent,Los Angeles
E1995,Lynn Howell,29,HR,64752,29/01/2020,33,Average,San Francisco
E1996,David Holland,22,Operations,113474,17/02/2019,19,Excellent,Houston
E1997,Shawn Lopez,45,Operations,94127,06/05/2021,10,Excellent,Chicago
E1998,Robert Allen,41,Sales,96808,06/02/2017,10,Good,Houston
E1999,Savannah Hall,52,Operations,89282,03/03/2021,1,Good,Los Angeles
